{"is_source_file": false, "format": "", "description": "", "external_files": [], "external_methods": [], "published": [], "classes": [], "methods": [], "calls": [], "search-terms": [], "state": 2, "file_id": 1, "knowledge_revision": 5, "git_revision": "9536adacab2fa9db06cd9ddca4b8efc6ddc5e43a", "hash": "836b747d13f9ed5951c42ca4f7b3ba76", "format-version": 4, "code-base-name": "android_frontend", "filename": "android_frontend/init_script.sh", "revision_history": [{"5": "9536adacab2fa9db06cd9ddca4b8efc6ddc5e43a"}]}